Timestamp,150_MEANPCROSS/150-MEANMEMP/OUT.CV No EngUnits,150_MEANPCROSS/150-TRANSP_PSI/OUT.CV No EngUnits,150_MEMPDROP/150-PDROP_PSI/OUT.CV No EngUnits,CE-150-01/AI1/OUT.CV µS/cm,CE-150-03/AI1/OUT.CV µS/cm,CIT150-01/BLOCK1/OUT.CV ppm,CIT150-01/BLOCK2/OUT.CV µS/cm,CIT150-02/BLOCK1/OUT.CV ppm,CIT150-02/BLOCK2/OUT.CV µS,CIT150-02/COND/OUT.CV µS/cm,CIT150-02/PPM/OUT.CV ppm,CIT150-02/TEMP/OUT.CV °C,CIT150-03/BLOCK1/OUT.CV ppm,CIT150-03/BLOCK2/OUT.CV µS/cm,CIT150-04/BLOCK1/OUT.CV ppm,CIT150-04/COND/OUT.CV µS/cm,FE-150-01/AI1/OUT.CV LPM,FE-150-03/AI1/OUT.CV LPM,FIT150-01/AI1/OUT.CV l/min,FIT150-01/BLOCK1/OUT.CV l/min,FIT150-02/BLOCK1/OUT.CV l/min,FIT150-03/AI1/OUT.CV l/min,FIT150-03/BLOCK1/OUT.CV l/min,FIT150-04/BLOCK1/OUT.CV l/min,FIT150-05/DENS/OUT.CV kg/m3,FIT150-05/MASS/OUT.CV kg/min,FIT150-05/TEMP/OUT.CV °C,FIT150-05/VOL/OUT.CV L/min,FIT150-05/VOL/PV.CV L/min,PIT150-01/P_INLET/OUT.CV psi,PIT150-02/PSIA/OUT.CV psia,PIT150-02/PSIG/OUT.CV psig,PIT150-03/PSIA/OUT.CV psia,PIT150-03/PSIG/OUT.CV psig
2025-04-30 14:00:00-04:00,0.1393653005361557,0.020627224817872047,-0.14194247126579285,613.4413452148438,682.035400390625,-1248.51171875,-2499.52294921875,Shutdown,Shutdown,0.0006433336529880762,0.0028327053878456354,21.770870208740234,-1248.630859375,-2499.761474609375,0.2679874897003174,0.44329941272735596,0.007653492968529463,0.0033618926536291838,0.0,Shutdown,-0.0016164747066795826,1.814316749572754,Shutdown,-0.00137325597461313,412.35107421875,-0.24776113033294678,22.23958396911621,-0.6236986517906189,-0.5763345956802368,0.06389901787042618,14.813374519348145,0.11737462878227234,14.902200698852539,0.20620082318782806
2025-04-30 14:00:30-04:00,0.13930027186870575,0.02058514952659607,-0.14424149692058563,613.5843505859375,682.6790771484375,-1248.51171875,-2499.52294921875,Shutdown,Shutdown,0.0006430473877117038,0.0028295847587287426,21.770292282104492,-1248.630859375,-2499.761474609375,0.2679874897003174,0.4433097541332245,0.007653492968529463,0.0033618926536291838,0.0,Shutdown,-0.0016164747066795826,1.8023003339767456,Shutdown,-0.00137325597461313,415.325439453125,-0.21461790800094604,22.239028930664062,-0.5407670736312866,-0.5149269104003906,0.06389901787042618,14.813372611999512,0.11737298965454102,14.90077018737793,0.2047703117132187
2025-04-30 14:01:00-04:00,0.139235258102417,0.02054307609796524,-0.1465405374765396,614.1565551757812,683.4658813476562,-1248.51171875,-2499.52294921875,Shutdown,Shutdown,0.0006427610642276704,0.0028264643624424934,21.77204704284668,-1248.630859375,-2499.761474609375,0.2679874897003174,0.443320095539093,0.007653492968529463,0.0033618926536291838,0.0,Shutdown,-0.0016164747066795826,1.812027931213379,Shutdown,-0.00137325597461313,411.8984375,-0.22708234190940857,22.238473892211914,-0.525172233581543,-0.5813220739364624,0.06389901787042618,14.813371658325195,0.1173713430762291,14.902264595031738,0.2062644064426422
2025-04-30 14:01:30-04:00,0.13917022943496704,0.02050100266933441,-0.1482861191034317,612.869140625,683.6089477539062,-1248.51171875,-2499.52294921875,Shutdown,Shutdown,0.000642474798951298,0.0028233437333256006,21.773801803588867,-1248.630859375,-2499.761474609375,0.2679874897003174,0.44333040714263916,0.007653492968529463,0.0033618926536291838,0.0,Shutdown,-0.0016164747066795826,1.8131723403930664,Shutdown,-0.00137325597461313,413.035400390625,-0.22768235206604004,22.2379207611084,-0.5753211379051208,-0.5272880792617798,0.06389901787042618,14.813369750976562,0.11736969649791718,14.904648780822754,0.20864859223365784
2025-04-30 14:02:00-04:00,0.1391052007675171,0.020458929240703583,-0.1494782269001007,612.9406127929688,683.1082763671875,-1248.51171875,-2499.52294921875,Shutdown,Shutdown,0.0006421884754672647,0.0028202233370393515,21.775556564331055,-1248.630859375,-2499.761474609375,0.2679874897003174,0.4433407485485077,0.007653492968529463,0.0033618926536291838,0.0,Shutdown,-0.0016164747066795826,1.8274776935577393,Shutdown,-0.00137325597461313,414.5331726074219,-0.2192266583442688,22.23736572265625,-0.5469943881034851,-0.5115349292755127,0.06389901787042618,14.81336784362793,0.11736804991960526,14.90703296661377,0.21103277802467346
2025-04-30 14:02:30-04:00,0.13904018700122833,0.020416855812072754,-0.1506703495979309,613.7989501953125,682.8221435546875,-1248.51171875,-2499.52294921875,Shutdown,Shutdown,0.0006419022101908922,0.0028171027079224586,21.777311325073242,-1248.630859375,-2499.761474609375,0.2679874897003174,0.4433510899543762,0.007653492968529463,0.0033618926536291838,0.0,Shutdown,-0.0016164747066795826,1.805733561515808,Shutdown,-0.00137325597461313,414.2149353027344,-0.23790280520915985,22.2368106842041,-0.5945621728897095,-0.5513964891433716,0.06389901787042618,14.813365936279297,0.11736640334129333,14.90740966796875,0.2114102691411972
2025-04-30 14:03:00-04:00,0.13897515833377838,0.020374780520796776,-0.15186245739459991,614.0850219726562,683.0367431640625,-1248.51171875,-2499.52294921875,Shutdown,Shutdown,0.0006416159449145198,0.0028139823116362095,21.779064178466797,-1248.630859375,-2499.761474609375,0.2679874897003174,0.44336140155792236,0.007653492968529463,0.0033618926536291838,0.0,Shutdown,-0.0016164747066795826,1.8343443870544434,Shutdown,-0.00137325597461313,413.6978759765625,-0.2144288420677185,22.236255645751953,-0.5188158750534058,-0.5334079265594482,0.06389901787042618,14.81336498260498,0.11736475676298141,14.907176971435547,0.2111770361661911
2025-04-30 14:03:30-04:00,0.13891014456748962,0.020332707092165947,-0.1520673632621765,613.7989501953125,683.2512817382812,-1248.51171875,-2499.52294921875,Shutdown,Shutdown,0.0006413296214304864,0.0028108619153499603,21.780818939208984,-1248.630859375,-2499.761474609375,0.2679874897003174,0.4433717429637909,0.007653492968529463,0.0033618926536291838,0.0,Shutdown,-0.0016164747066795826,1.807450294494629,Shutdown,-0.00137325597461313,416.4349365234375,-0.2200617790222168,22.235702514648438,-0.5583459734916687,-0.5196569561958313,0.06389901787042618,14.813363075256348,0.1173631101846695,14.906943321228027,0.210943803191185
2025-04-30 14:04:00-04:00,0.13884511590003967,0.020290633663535118,-0.15128503739833832,614.80029296875,683.1798095703125,-1248.630859375,-2499.761474609375,Shutdown,Shutdown,0.000641043356154114,0.0028077412862330675,21.782573699951172,-1248.630859375,-2499.761474609375,0.2679874897003174,0.4433820843696594,0.007653492968529463,0.0033618926536291838,0.0,Shutdown,-0.0016164747066795826,1.823472261428833,Shutdown,-0.00137325597461313,413.8047790527344,-0.2062106430530548,22.23514747619629,-0.5295687317848206,-0.4651772379875183,0.06389901787042618,14.813361167907715,0.11736146360635757,14.906710624694824,0.2107105553150177
2025-04-30 14:04:30-04:00,0.13878008723258972,0.02019546367228031,-0.15050272643566132,614.0850219726562,683.1798095703125,-1248.51171875,-2499.52294921875,Shutdown,Shutdown,0.0006407570326700807,0.0028046208899468184,21.78432846069336,-1248.630859375,-2499.761474609375,0.2679874897003174,0.44339239597320557,0.007653492968529463,0.0033618926536291838,0.0,Shutdown,-0.0016164747066795826,1.8266193866729736,Shutdown,-0.00137325597461313,415.4266357421875,-0.2181396484375,22.23459243774414,-0.5124784111976624,-0.5156711339950562,0.06389901787042618,14.813360214233398,0.11735982447862625,14.906476974487305,0.2104773223400116
2025-04-30 14:05:00-04:00,0.13871507346630096,0.02009439468383789,-0.14972040057182312,613.7989501953125,683.0367431640625,-1248.51171875,-2499.52294921875,Shutdown,Shutdown,0.0006404707673937082,0.0028015002608299255,21.786083221435547,-1248.630859375,-2499.761474609375,0.2679874897003174,0.4434027373790741,0.007653492968529463,0.0033618926536291838,0.0,Shutdown,-0.0016164747066795826,1.8000115156173706,Shutdown,-0.00137325597461313,414.4560852050781,-0.21879245340824127,22.234039306640625,-0.5603904724121094,-0.5067123770713806,0.06389901787042618,14.813358306884766,0.11735817790031433,14.906244277954102,0.2102440893650055
2025-04-30 14:05:30-04:00,0.138650044798851,0.01999332569539547,-0.14893807470798492,613.6558837890625,683.0367431640625,-1248.51171875,-2499.52294921875,Shutdown,Shutdown,0.0006401845021173358,0.0027983798645436764,21.787837982177734,-1248.630859375,-2499.761474609375,0.2679874897003174,0.4434130787849426,0.007653492968529463,0.0033618926536291838,0.0,Shutdown,-0.0016164747066795826,1.8137445449829102,Shutdown,-0.00137325597461313,416.67266845703125,-0.20932543277740479,22.233484268188477,-0.5239870548248291,-0.5038947463035583,0.06389901787042618,14.813356399536133,0.11735653132200241,14.906010627746582,0.2100108563899994
2025-04-30 14:06:00-04:00,0.13858501613140106,0.019892258569598198,-0.14815576374530792,613.5128173828125,682.8936767578125,-1248.51171875,-2499.52294921875,Shutdown,Shutdown,0.0006398981786333025,0.0027952592354267836,21.78959083557129,-1248.630859375,-2499.761474609375,0.2679874897003174,0.44342339038848877,0.007653492968529463,0.0033618926536291838,0.0,Shutdown,-0.0016164747066795826,1.7971504926681519,Shutdown,-0.00137325597461313,416.8719787597656,-0.20792430639266968,22.232929229736328,-0.5049708485603333,-0.4970557391643524,0.06389901787042618,14.8133544921875,0.11735488474369049,14.905777931213379,0.2097776234149933
2025-04-30 14:06:30-04:00,0.1385200023651123,0.019791189581155777,-0.14737343788146973,614.1565551757812,683.1082763671875,-1248.51171875,-2499.52294921875,Shutdown,Shutdown,0.00063961191335693,0.0027921388391405344,21.791770935058594,-1248.630859375,-2499.761474609375,0.2679874897003174,0.4434337317943573,0.007653492968529463,0.0033618926536291838,0.0,Shutdown,-0.0016164747066795826,1.8180363178253174,Shutdown,-0.00137325597461313,416.29345703125,-0.20209923386573792,22.23237419128418,-0.48539164662361145,-0.5048298835754395,0.06389901787042618,14.813353538513184,0.11735323816537857,14.90554428100586,0.20954439043998718
2025-04-30 14:07:00-04:00,0.13845497369766235,0.019690120592713356,-0.14659112691879272,613.5843505859375,683.1798095703125,-1248.51171875,-2499.52294921875,Shutdown,Shutdown,0.0006393255898728967,0.0027890184428542852,21.794076919555664,-1248.630859375,-2499.761474609375,0.2679874897003174,0.44344407320022583,0.007653492968529463,0.0033618926536291838,0.0,Shutdown,-0.0016164747066795826,1.8180363178253174,Shutdown,-0.00137325597461313,415.4609680175781,-0.20133331418037415,22.231821060180664,-0.5009127855300903,-0.4675258994102478,0.06389901787042618,14.81335163116455,0.11735159158706665,14.90531063079834,0.20931114256381989
2025-04-30 14:07:30-04:00,0.1383899450302124,0.019589051604270935,-0.14580880105495453,613.7989501953125,682.5360717773438,-1248.51171875,-2499.52294921875,Shutdown,Shutdown,0.0006390393245965242,0.0027858978137373924,21.796384811401367,-1248.630859375,-2499.761474609375,0.2679874897003174,0.443454384803772,0.007653492968529463,0.0033618926536291838,0.0,Shutdown,-0.0016164747066795826,1.8229000568389893,Shutdown,-0.00137325597461313,416.53045654296875,-0.2099839746952057,22.231266021728516,-0.5187579989433289,-0.48878979682922363,0.06389901787042618,14.813349723815918,0.11734994500875473,14.905077934265137,0.20907790958881378
2025-04-30 14:08:00-04:00,0.13832493126392365,0.019487982615828514,-0.14502649009227753,613.3698120117188,683.0367431640625,-1248.51171875,-2499.52294921875,Shutdown,Shutdown,0.0006387530593201518,0.0027827774174511433,21.79869270324707,-1248.630859375,-2499.761474609375,0.2679874897003174,0.4434647262096405,0.007653492968529463,0.0033618926536291838,0.0,Shutdown,-0.0016164747066795826,1.8023003339767456,Shutdown,-0.00137325597461313,414.30340576171875,-0.21385209262371063,22.230710983276367,-0.5350292325019836,-0.48512810468673706,0.06389901787042618,14.813347816467285,0.11734829843044281,14.904844284057617,0.20884467661380768
2025-04-30 14:08:30-04:00,0.1382599025964737,0.019386913627386093,-0.14424416422843933,613.2982788085938,682.9652099609375,-1248.51171875,-2499.52294921875,Shutdown,Shutdown,0.0006384667358361185,0.0027796567883342505,21.801000595092773,-1248.630859375,-2499.761474609375,0.2679874897003174,0.44347506761550903,0.007653492968529463,0.0033618926536291838,0.0,Shutdown,-0.0016164747066795826,1.8214695453643799,Shutdown,-0.00137325597461313,413.8973693847656,-0.21922820806503296,22.23015594482422,-0.555855393409729,-0.5045493841171265,0.06389901787042618,14.813346862792969,0.11734665930271149,14.904611587524414,0.20861144363880157
2025-04-30 14:09:00-04:00,0.13819488883018494,0.019285844638943672,-0.14411377906799316,613.7274169921875,682.7506103515625,-1248.51171875,-2499.52294921875,Shutdown,Shutdown,0.000638180470559746,0.0027765363920480013,21.803308486938477,-1248.630859375,-2499.761474609375,0.2679874897003174,0.4434853792190552,0.007653492968529463,0.0033618926536291838,0.0,Shutdown,-0.0016164747066795826,1.8217556476593018,Shutdown,-0.00137325597461313,416.7616882324219,-0.20676299929618835,22.229602813720703,-0.5062336921691895,-0.48593077063560486,0.06389901787042618,14.813344955444336,0.11734501272439957,14.904377937316895,0.20837821066379547
2025-04-30 14:09:30-04:00,0.13812986016273499,0.0191847775131464,-0.14411377906799316,613.0836791992188,682.8936767578125,-1248.51171875,-2499.52294921875,Shutdown,Shutdown,0.0006378942052833736,0.0027734157629311085,21.805614471435547,-1248.630859375,-2499.761474609375,0.2679874897003174,0.4434957206249237,0.007653492968529463,0.0033618926536291838,0.0,Shutdown,-0.0016164747066795826,1.8126001358032227,Shutdown,-0.00137325597461313,413.7035827636719,-0.19778385758399963,22.229047775268555,-0.4548684358596802,-0.5004045963287354,0.06389901787042618,14.813343048095703,0.11734336614608765,14.904145240783691,0.20814497768878937
2025-04-30 14:10:00-04:00,0.13806483149528503,0.01908370852470398,-0.14411377906799316,613.5128173828125,682.8936767578125,-1248.51171875,-2499.52294921875,Shutdown,Shutdown,0.0006376078817993402,0.0027702953666448593,21.80792236328125,-1248.630859375,-2499.761474609375,0.2679874897003174,0.44350606203079224,0.007653492968529463,0.0033618926536291838,0.0,Shutdown,-0.0016164747066795826,1.8203251361846924,Shutdown,-0.00137325597461313,416.8468017578125,-0.204879492521286,22.228492736816406,-0.5076075792312622,-0.49826064705848694,0.06389901787042618,14.813342094421387,0.11734171956777573,14.903911590576172,0.20791172981262207
2025-04-30 14:10:30-04:00,0.13799981772899628,0.01898263953626156,-0.14411377906799316,614.0850219726562,682.6076049804688,-1248.51171875,-2499.52294921875,Shutdown,Shutdown,0.0006373216165229678,0.00276717497035861,21.80699920654297,-1248.630859375,-2499.761474609375,0.2679874897003174,0.4435163736343384,0.007653492968529463,0.0033618926536291838,0.0,Shutdown,-0.0016164747066795826,1.8023003339767456,Shutdown,-0.00137325597461313,416.7441711425781,-0.20400983095169067,22.227937698364258,-0.44435468316078186,-0.5352258682250977,0.06389901787042618,14.813340187072754,0.1173400729894638,14.903677940368652,0.20767849683761597
2025-04-30 14:11:00-04:00,0.13793478906154633,0.018881570547819138,-0.14411377906799316,613.0836791992188,682.6076049804688,-1248.51171875,-2499.52294921875,Shutdown,Shutdown,0.0006370352930389345,0.0027640543412417173,21.803102493286133,-1248.630859375,-2499.761474609375,0.2679874897003174,0.4435267150402069,0.007653492968529463,0.0033618926536291838,0.0,Shutdown,-0.0016164747066795826,1.803444743156433,Shutdown,-0.00137325597461313,417.6884765625,-0.18670043349266052,22.227384567260742,-0.42955413460731506,-0.46581652760505676,0.06389901787042618,14.813338279724121,0.11733842641115189,14.90344524383545,0.20744526386260986
2025-04-30 14:11:30-04:00,0.13786976039409637,0.018780501559376717,-0.14411377906799316,614.0850219726562,683.0367431640625,-1248.51171875,-2499.52294921875,Shutdown,Shutdown,0.000636749027762562,0.002760933944955468,21.803157806396484,-1248.630859375,-2499.761474609375,0.2679874897003174,0.44353705644607544,0.007653492968529463,0.0033618926536291838,0.0,Shutdown,-0.0016164747066795826,1.8271915912628174,Shutdown,-0.00137325597461313,416.54248046875,-0.20767758786678314,22.226829528808594,-0.4837915301322937,-0.5032456517219543,0.06389901787042618,14.813336372375488,0.11733677983283997,14.90321159362793,0.20721203088760376
2025-04-30 14:12:00-04:00,0.13780474662780762,0.018679432570934296,-0.14411377906799316,613.5843505859375,682.4645385742188,-1248.51171875,-2499.52294921875,Shutdown,Shutdown,0.0006364627624861896,0.0027578133158385754,21.807668685913086,-1248.630859375,-2499.761474609375,0.2679874897003174,0.44354739785194397,0.007653492968529463,0.0033618926536291838,0.0,Shutdown,-0.0016164747066795826,1.8048752546310425,Shutdown,-0.00137325597461313,416.9817810058594,-0.19497017562389374,22.226274490356445,-0.48307013511657715,-0.46528396010398865,0.06389901787042618,14.813335418701172,0.11733513325452805,14.902978897094727,0.20697879791259766
2025-04-30 14:12:30-04:00,0.13773971796035767,0.018578363582491875,-0.14429718255996704,613.0121459960938,682.9652099609375,-1248.630859375,-2499.761474609375,Shutdown,Shutdown,0.0006361764390021563,0.002754692919552326,21.812179565429688,-1248.630859375,-2499.761474609375,0.2679874897003174,0.4435577094554901,0.007653492968529463,0.0033618926536291838,0.0,Shutdown,-0.0016164747066795826,1.8148891925811768,Shutdown,-0.00137325597461313,419.718017578125,-0.2055732160806656,22.225719451904297,-0.4767068326473236,-0.5049196481704712,0.06389901787042618,14.813333511352539,0.11733349412679672,14.902745246887207,0.20674556493759155
2025-04-30 14:13:00-04:00,0.13767468929290771,0.018477294594049454,-0.1453975886106491,613.7989501953125,683.1798095703125,-1248.51171875,-2499.52294921875,Shutdown,Shutdown,0.0006358901737257838,0.0027515722904354334,21.81669044494629,-1248.630859375,-2499.761474609375,0.2679874897003174,0.44356805086135864,0.007653492968529463,0.0033618926536291838,0.0,Shutdown,-0.0016164747066795826,1.8271915912628174,Shutdown,-0.00137325597461313,419.1225891113281,-0.18945077061653137,22.22516632080078,-0.44612932205200195,-0.458415687084198,0.06389901787042618,14.813331604003906,0.1173318475484848,14.902512550354004,0.20651231706142426
2025-04-30 14:13:30-04:00,0.13760967552661896,0.018376227468252182,-0.14649800956249237,613.9420166015625,682.9652099609375,-1248.51171875,-2499.52294921875,Shutdown,Shutdown,0.0006356038502417505,0.0027484518941491842,21.821701049804688,-1248.51171875,-2499.52294921875,0.2679874897003174,0.4435783922672272,0.007653492968529463,0.0033618926536291838,0.0,Shutdown,-0.0016164747066795826,1.805733561515808,Shutdown,-0.00137325597461313,417.085693359375,-0.21710795164108276,22.224611282348633,-0.5030819773674011,-0.5427294373512268,0.06389901787042618,14.813329696655273,0.11733020097017288,14.902278900146484,0.20627908408641815
2025-04-30 14:14:00-04:00,0.137544646859169,0.01827515847980976,-0.14759843051433563,613.7274169921875,682.8936767578125,-1248.51171875,-2499.52294921875,Shutdown,Shutdown,0.000635317584965378,0.002745331497862935,21.82808494567871,-1248.630859375,-2499.761474609375,0.2679874897003174,0.4435887038707733,0.007653492968529463,0.0033618926536291838,0.0,Shutdown,-0.0016164747066795826,1.805733561515808,Shutdown,-0.00137325597461313,420.00933837890625,-0.21379795670509338,22.224056243896484,-0.4693954288959503,-0.5295319557189941,0.06389901787042618,14.813328742980957,0.11732855439186096,14.902046203613281,0.20604585111141205
2025-04-30 14:14:30-04:00,0.13747963309288025,0.01817408949136734,-0.1486988365650177,613.7989501953125,683.0367431640625,-1248.51171875,-2499.52294921875,Shutdown,Shutdown,0.0006350313196890056,0.0027422108687460423,21.834468841552734,-1248.630859375,-2499.761474609375,0.2679874897003174,0.44359904527664185,0.007653492968529463,0.0033618926536291838,0.0,Shutdown,-0.0016164747066795826,1.8208973407745361,Shutdown,-0.00137325597461313,416.7093200683594,-0.20813602209091187,22.22350311279297,-0.5068539381027222,-0.5094922184944153,0.06389901787042618,14.813326835632324,0.11732690781354904,14.901812553405762,0.20581261813640594
2025-04-30 14:15:00-04:00,0.1374146044254303,0.01807302050292492,-0.14888224005699158,613.7989501953125,683.3228149414062,-1248.51171875,-2499.52294921875,Shutdown,Shutdown,0.0006347449962049723,0.002739090472459793,21.836362838745117,-1248.630859375,-2499.761474609375,0.2679874897003174,0.4436093866825104,0.007653492968529463,0.0033618926536291838,0.0,Shutdown,-0.0016164747066795826,1.8080224990844727,Shutdown,-0.00137325597461313,416.0902099609375,-0.20073646306991577,22.22294807434082,-0.4763825535774231,-0.4620894193649292,0.06389901787042618,14.813324928283691,0.11732526123523712,14.901578903198242,0.20557938516139984
2025-04-30 14:15:30-04:00,0.13734957575798035,0.017971951514482498,-0.14831456542015076,614.943359375,682.8936767578125,-1248.51171875,-2499.52294921875,Shutdown,Shutdown,0.0006344587309285998,0.0027359698433429003,21.83448028564453,-1248.630859375,-2499.761474609375,0.2679874897003174,0.4436196982860565,0.007653492968529463,0.0033618926536291838,0.0,Shutdown,-0.0016164747066795826,1.825761079788208,Shutdown,-0.00137325597461313,418.7939147949219,-0.18503354489803314,22.222393035888672,-0.44231918454170227,-0.4554360508918762,0.06389901787042618,14.813323974609375,0.1173236146569252,14.901346206665039,0.20534613728523254
2025-04-30 14:16:00-04:00,0.1372845619916916,0.017870882526040077,-0.147633358836174,614.2996215820312,683.7520141601562,-1248.51171875,-2499.52294921875,Shutdown,Shutdown,0.0006341724074445665,0.002732849447056651,21.84032440185547,-1248.630859375,-2499.761474609375,0.2679874897003174,0.44363003969192505,0.007653492968529463,0.0033618926536291838,0.0,Shutdown,-0.0016164747066795826,1.8297667503356934,Shutdown,-0.00137325597461313,419.2599182128906,-0.2112615406513214,22.221837997436523,-0.4905050992965698,-0.5208667516708374,0.06389901787042618,14.813322067260742,0.11732196807861328,14.90111255645752,0.20511290431022644
2025-04-30 14:16:30-04:00,0.13721953332424164,0.017769813537597656,-0.14695215225219727,614.2280883789062,683.7520141601562,-1248.51171875,-2499.52294921875,Shutdown,Shutdown,0.0006338861421681941,0.0027297288179397583,21.846168518066406,-1248.630859375,-2499.761474609375,0.2679874897003174,0.4436403810977936,0.007653492968529463,0.0033618926536291838,0.0,Shutdown,-0.0016164747066795826,1.8002976179122925,Shutdown,-0.00137325597461313,418.97894287109375,-0.19193536043167114,22.221284866333008,-0.4989640414714813,-0.4172913134098053,0.06389901787042618,14.81332015991211,0.11732032895088196,14.900879859924316,0.20487967133522034
2025-04-30 14:17:00-04:00,0.1371545046567917,0.017668744549155235,-0.14627094566822052,613.8704833984375,682.8936767578125,-1248.51171875,-2499.52294921875,Shutdown,Shutdown,0.0006335998768918216,0.002726608421653509,21.852012634277344,-1248.630859375,-2499.761474609375,0.2679874897003174,0.4436506927013397,0.007653492968529463,0.0033618926536291838,0.0,Shutdown,-0.0016164747066795826,1.8023003339767456,Shutdown,-0.00137325597461313,417.6501770019531,-0.1907782405614853,22.22072982788086,-0.46421265602111816,-0.4373394548892975,0.06389901787042618,14.813318252563477,0.11731868237257004,14.900646209716797,0.20464643836021423
2025-04-30 14:17:30-04:00,0.13708949089050293,0.017567677423357964,-0.14558972418308258,614.943359375,683.0367431640625,-1248.51171875,-2499.52294921875,Shutdown,Shutdown,0.0006333135534077883,0.0027234877925366163,21.85785675048828,-1248.630859375,-2499.761474609375,0.2679874897003174,0.44366103410720825,0.007653492968529463,0.0033618926536291838,0.0,Shutdown,-0.0016164747066795826,1.8160336017608643,Shutdown,-0.00137325597461313,415.40087890625,-0.20215895771980286,22.22017478942871,-0.43951356410980225,-0.5344921350479126,0.06389901787042618,14.81331729888916,0.11731703579425812,14.900501251220703,0.20450155436992645
2025-04-30 14:18:00-04:00,0.13702446222305298,0.017466608434915543,-0.14490851759910583,613.8704833984375,682.8221435546875,-1248.51171875,-2499.52294921875,Shutdown,Shutdown,0.0006330272881314158,0.002720367396250367,21.8513126373291,-1248.630859375,-2499.761474609375,0.2679874897003174,0.4436713755130768,0.007653492968529463,0.0033618926536291838,0.0,Shutdown,-0.0016164747066795826,1.8286221027374268,Shutdown,-0.00137325597461313,416.7630615234375,-0.20801447331905365,22.219619750976562,-0.48480847477912903,-0.5124964118003845,0.06389901787042618,14.813315391540527,0.1173153892159462,14.901151657104492,0.2051517814397812
2025-04-30 14:18:30-04:00,0.13695943355560303,0.01736553944647312,-0.1442273110151291,612.9406127929688,683.2512817382812,-1248.51171875,-2499.52294921875,Shutdown,Shutdown,0.0006327409646473825,0.002717246999964118,21.856229782104492,-1248.630859375,-2499.761474609375,0.2679874897003174,0.4436816871166229,0.007653492968529463,0.0033618926536291838,0.0,Shutdown,-0.0016164747066795826,1.8048752546310425,Shutdown,-0.00137325597461313,416.8468933105469,-0.20028069615364075,22.219066619873047,-0.4507725238800049,-0.5121868848800659,0.06389901787042618,14.813313484191895,0.11731374263763428,14.901802062988281,0.20580200850963593
2025-04-30 14:19:00-04:00,0.13689441978931427,0.0172644704580307,-0.14411377906799316,614.0135498046875,683.0367431640625,-1248.630859375,-2499.761474609375,Shutdown,Shutdown,0.0006324546993710101,0.002714126370847225,21.861146926879883,-1248.630859375,-2499.761474609375,0.2679874897003174,0.44369202852249146,0.007653492968529463,0.0033618926536291838,0.0,Shutdown,-0.0016164747066795826,1.8154613971710205,Shutdown,-0.00137325597461313,417.5667724609375,-0.18531492352485657,22.2185115814209,-0.45125749707221985,-0.4411405920982361,0.06389901787042618,14.813312530517578,0.11731209605932236,14.90245246887207,0.20645225048065186
2025-04-30 14:19:30-04:00,0.13682939112186432,0.01716340146958828,-0.14411377906799316,613.9420166015625,683.3228149414062,-1248.51171875,-2499.52294921875,Shutdown,Shutdown,0.0006321684340946376,0.002711005974560976,21.866065979003906,-1248.630859375,-2499.761474609375,0.2679874897003174,0.44370236992836,0.007653492968529463,0.0033618926536291838,0.0,Shutdown,-0.0016164747066795826,1.8154613971710205,Shutdown,-0.00137325597461313,415.9715270996094,-0.20917323231697083,22.21795654296875,-0.501254677772522,-0.48092684149742126,0.06389901787042618,14.813310623168945,0.11731044948101044,14.903101921081543,0.2071024775505066
2025-04-30 14:20:00-04:00,0.13676437735557556,0.01706233248114586,-0.14411377906799316,613.5128173828125,683.6804809570312,-1248.630859375,-2499.761474609375,Shutdown,Shutdown,0.0006318821106106043,0.002707885345444083,21.870983123779297,-1248.630859375,-2499.761474609375,0.2679874897003174,0.44371268153190613,0.007653492968529463,0.0033618926536291838,0.0,Shutdown,-0.0016164747066795826,1.8154613971710205,Shutdown,-0.00137325597461313,417.21148681640625,-0.1956195831298828,22.2174015045166,-0.4543944299221039,-0.4895159900188446,0.06389901787042618,14.813308715820312,0.11730880290269852,14.903752326965332,0.20775270462036133
2025-04-30 14:20:30-04:00,0.1366993486881256,0.016961263492703438,-0.14411377906799316,613.5128173828125,683.2512817382812,-1248.51171875,-2499.52294921875,Shutdown,Shutdown,0.0006315958453342319,0.002704764949157834,21.875900268554688,-1248.51171875,-2499.52294921875,0.2679874897003174,0.44372302293777466,0.007653492968529463,0.0033618926536291838,0.0,Shutdown,-0.0016164747066795826,1.803730845451355,Shutdown,-0.00137325597461313,417.9039001464844,-0.19270680844783783,22.216848373413086,-0.44259023666381836,-0.4793255925178528,0.06389901787042618,14.81330680847168,0.1173071637749672,14.904402732849121,0.20840294659137726
2025-04-30 14:21:00-04:00,0.13663432002067566,0.016860196366906166,-0.14411377906799316,613.7989501953125,681.9638671875,-1248.51171875,-2499.52294921875,Shutdown,Shutdown,0.0006313095218501985,0.0027016443200409412,21.881027221679688,-1248.630859375,-2499.761474609375,0.2679874897003174,0.4437333643436432,0.007653492968529463,0.0033618926536291838,0.0,Shutdown,-0.0016164747066795826,1.8197529315948486,Shutdown,-0.00137325597461313,414.1207275390625,-0.20757021009922028,22.216293334960938,-0.4663057029247284,-0.5357980728149414,0.06389901787042618,14.813305854797363,0.11730551719665527,14.90505313873291,0.209053173661232
2025-04-30 14:21:30-04:00,0.1365693062543869,0.016759127378463745,-0.14411377906799316,613.3698120117188,682.9652099609375,-1248.51171875,-2499.52294921875,Shutdown,Shutdown,0.0006310232565738261,0.002698523923754692,21.887191772460938,-1248.630859375,-2499.761474609375,0.2679874897003174,0.44374367594718933,0.007653492968529463,0.0033618926536291838,0.0,Shutdown,-0.0016164747066795826,1.8000115156173706,Shutdown,-0.00137325597461313,415.943603515625,-0.18837407231330872,22.21573829650879,-0.464984267950058,-0.4513334631919861,0.06389901787042618,14.81330394744873,0.11730387061834335,14.9057035446167,0.20970341563224792
2025-04-30 14:22:00-04:00,0.13650427758693695,0.016658058390021324,-0.14411377906799316,612.9406127929688,683.0367431640625,-1248.51171875,-2499.52294921875,Shutdown,Shutdown,0.0006307369912974536,0.002695403527468443,21.893356323242188,-1248.51171875,-2499.52294921875,0.2679874897003174,0.44375401735305786,0.007653492968529463,0.0033618926536291838,0.0,Shutdown,-0.0016164747066795826,1.8277637958526611,Shutdown,-0.00137325597461313,416.4091491699219,-0.18899700045585632,22.215185165405273,-0.4726684093475342,-0.46404802799224854,0.06389901787042618,14.813302040100098,0.11730222404003143,14.906353950500488,0.21035364270210266
2025-04-30 14:22:30-04:00,0.136439248919487,0.016556989401578903,-0.14411377906799316,614.3711547851562,682.8936767578125,-1248.51171875,-2499.52294921875,Shutdown,Shutdown,0.0006304506678134203,0.00269228289835155,21.899520874023438,-1248.630859375,-2499.761474609375,0.2679874897003174,0.4437643587589264,0.007653492968529463,0.0033618926536291838,0.0,Shutdown,-0.0016164747066795826,1.8317694664001465,Shutdown,-0.00137325597461313,419.3404235839844,-0.19534608721733093,22.214630126953125,-0.44808468222618103,-0.48534417152404785,0.06389901787042618,14.813300132751465,0.11730057746171951,14.907003402709961,0.2110038697719574
2025-04-30 14:23:00-04:00,0.13637423515319824,0.016455920413136482,-0.14411377906799316,613.5843505859375,682.8936767578125,-1248.51171875,-2499.52294921875,Shutdown,Shutdown,0.0006301644025370479,0.002689162502065301,21.905685424804688,-1248.630859375,-2499.761474609375,0.2679874897003174,0.44377467036247253,0.007653492968529463,0.0033618926536291838,0.0,Shutdown,-0.0016164747066795826,1.8291943073272705,Shutdown,-0.00137325597461313,416.8493347167969,-0.19617390632629395,22.214075088500977,-0.45676255226135254,-0.48452267050743103,0.06389901787042618,14.813299179077148,0.11729893088340759,14.907231330871582,0.21123145520687103
2025-04-30 14:23:30-04:00,0.1363092064857483,0.01635485142469406,-0.14411377906799316,613.9420166015625,683.2512817382812,-1248.51171875,-2499.52294921875,Shutdown,Shutdown,0.0006298780790530145,0.002686041872948408,21.91120719909668,-1248.630859375,-2499.761474609375,0.2679874897003174,0.44378501176834106,0.007653492968529463,0.0033618926536291838,0.0,Shutdown,-0.0016164747066795826,1.8214695453643799,Shutdown,-0.00137325597461313,416.03814697265625,-0.20386692881584167,22.213520050048828,-0.4532434940338135,-0.5265665650367737,0.06389901787042618,14.813297271728516,0.11729728430509567,14.903655052185059,0.2076551765203476
2025-04-30 14:24:00-04:00,0.13624417781829834,0.01625378243625164,-0.14411377906799316,612.5830078125,683.1798095703125,-1248.51171875,-2499.52294921875,Shutdown,Shutdown,0.0006295918137766421,0.002682921476662159,21.91523551940918,-1248.51171875,-2499.52294921875,0.2679874897003174,0.4437953531742096,0.007653492968529463,0.0033618926536291838,0.0,Shutdown,-0.0016164747066795826,1.8214695453643799,Shutdown,-0.00137325597461313,416.4101257324219,-0.19528277218341827,22.212966918945312,-0.46805688738822937,-0.47207924723625183,0.06389901787042618,14.813295364379883,0.11729563772678375,14.900078773498535,0.20407889783382416
2025-04-30 14:24:30-04:00,0.13617916405200958,0.01615271344780922,-0.14411377906799316,613.2267456054688,682.6790771484375,-1248.51171875,-2499.52294921875,Shutdown,Shutdown,0.0006293055485002697,0.002679800847545266,21.919261932373047,-1248.630859375,-2499.761474609375,0.2679874897003174,0.4438056945800781,0.007653492968529463,0.0033618926536291838,0.0,Shutdown,-0.0016164747066795826,1.8083086013793945,Shutdown,-0.00137325597461313,416.3375244140625,-0.19469483196735382,22.212411880493164,-0.48716598749160767,-0.4604875147342682,0.06389901787042618,14.813294410705566,0.11729399859905243,14.896502494812012,0.20050261914730072
2025-04-30 14:25:00-04:00,0.13611413538455963,0.016051646322011948,-0.14411377906799316,612.869140625,682.8936767578125,-1248.51171875,-2499.52294921875,Shutdown,Shutdown,0.0006290192250162363,0.002676680451259017,21.923288345336914,-1248.630859375,-2499.761474609375,0.2679874897003174,0.44381600618362427,0.007653492968529463,0.0033618926536291838,0.0,Shutdown,-0.0016164747066795826,1.8114557266235352,Shutdown,-0.00137325597461313,413.4656982421875,-0.20562174916267395,22.211856842041016,-0.5120241045951843,-0.5055814981460571,0.06389901787042618,14.813292503356934,0.11729235202074051,14.894088745117188,0.1980886310338974
2025-04-30 14:25:30-04:00,0.13604912161827087,0.015950577333569527,-0.14411377906799316,613.3698120117188,682.5360717773438,-1248.51171875,-2499.52294921875,Shutdown,Shutdown,0.0006287329597398639,0.002673560054972768,21.92731475830078,-1248.630859375,-2499.761474609375,0.2679874897003174,0.4438263475894928,0.007653492968529463,0.0033618926536291838,0.0,Shutdown,-0.0016164747066795826,1.814030647277832,Shutdown,-0.00137325597461313,419.10906982421875,-0.18401430547237396,22.211301803588867,-0.4522358179092407,-0.4142126441001892,0.06389901787042618,14.8132905960083,0.11729070544242859,14.902134895324707,0.20613525807857513
2025-04-30 14:26:00-04:00,0.13598409295082092,0.015849508345127106,-0.14411377906799316,613.4413452148438,683.0367431640625,-1248.51171875,-2499.52294921875,Shutdown,Shutdown,0.0006284466362558305,0.002670439425855875,21.93134307861328,-1248.630859375,-2499.761474609375,0.2679874897003174,0.44383668899536133,0.007653492968529463,0.0033618926536291838,0.0,Shutdown,-0.0016164747066795826,1.814030647277832,Shutdown,-0.00137325597461313,419.0716857910156,-0.2264791578054428,22.210819244384766,-0.5653843283653259,-0.5269696116447449,0.06389901787042618,14.813288688659668,0.11728905886411667,14.903923034667969,0.20792339742183685
2025-04-30 14:26:30-04:00,0.13595591485500336,0.015748439356684685,-0.13338494300842285,613.7989501953125,683.2512817382812,-1248.51171875,-2499.52294921875,Shutdown,Shutdown,0.0006281603709794581,0.002667319029569626,21.93536949157715,-1248.630859375,-2499.761474609375,0.2679874897003174,0.44384700059890747,0.007653492968529463,0.0033618926536291838,0.0,Shutdown,-0.0016164747066795826,1.8157474994659424,Shutdown,-0.00137325597461313,414.7213439941406,-0.2298058420419693,22.211334228515625,-0.5481399893760681,-0.5606393218040466,0.06389901787042618,14.813287734985352,0.11728741228580475,14.903806686401367,0.2078067809343338
2025-04-30 14:27:00-04:00,0.13595591485500336,0.015647370368242264,-0.14442670345306396,613.8704833984375,683.0367431640625,-1248.51171875,-2499.52294921875,Shutdown,Shutdown,0.0006278741057030857,0.002664198400452733,21.939395904541016,-1248.630859375,-2499.761474609375,0.2679874897003174,0.443857342004776,0.007653492968529463,0.0033618926536291838,0.0,Shutdown,-0.0016164747066795826,1.8323416709899902,Shutdown,-0.00137325597461313,416.28759765625,-0.2205057144165039,22.211851119995117,-0.5365433692932129,-0.5123636722564697,0.06389901787042618,14.813285827636719,0.11728576570749283,14.903690338134766,0.20769016444683075
2025-04-30 14:27:30-04:00,0.13595591485500336,0.015580464154481888,-0.14505256712436676,613.7989501953125,683.0367431640625,-1248.51171875,-2499.52294921875,Shutdown,Shutdown,0.0006275877822190523,0.002661078004166484,21.943424224853516,-1248.630859375,-2499.761474609375,0.2679874897003174,0.44386768341064453,0.007653492968529463,0.0033618926536291838,0.0,Shutdown,-0.0016164747066795826,1.8111696243286133,Shutdown,-0.00137325597461313,417.6163330078125,-0.2305370271205902,22.212366104125977,-0.5563122630119324,-0.5414513945579529,0.06389901787042618,14.813283920288086,0.11728411912918091,14.903573036193848,0.2075735479593277
2025-04-30 14:28:00-04:00,0.13595591485500336,0.01551735308021307,-0.14567841589450836,612.654541015625,683.1082763671875,-1248.51171875,-2499.52294921875,Shutdown,Shutdown,0.0006273015169426799,0.002657957375049591,21.947450637817383,-1248.630859375,-2499.761474609375,0.2679874897003174,0.4438779950141907,0.007653492968529463,0.0033618926536291838,0.0,Shutdown,-0.0016164747066795826,1.8160336017608643,Shutdown,-0.00137325597461313,415.15911865234375,-0.2328224778175354,22.212881088256836,-0.5503540635108948,-0.5567381381988525,0.06389901787042618,14.813282012939453,0.11728247255086899,14.903456687927246,0.20745693147182465
2025-04-30 14:28:30-04:00,0.13595591485500336,0.015454242005944252,-0.14630427956581116,613.0121459960938,682.8936767578125,-1248.51171875,-2499.52294921875,Shutdown,Shutdown,0.0006270152516663074,0.002654836978763342,21.951595306396484,-1248.630859375,-2499.761474609375,0.2679874897003174,0.4438883364200592,0.007653492968529463,0.0033618926536291838,0.0,Shutdown,-0.0016164747066795826,1.8091669082641602,Shutdown,-0.00137325597461313,414.8200378417969,-0.22852905094623566,22.213397979736328,-0.5287182331085205,-0.5682005882263184,0.06389901787042618,14.813281059265137,0.11728083342313766,14.903340339660645,0.2073403149843216
2025-04-30 14:29:00-04:00,0.13595591485500336,0.015391131862998009,-0.14693012833595276,613.8704833984375,683.3228149414062,-1248.51171875,-2499.52294921875,Shutdown,Shutdown,0.0006267289281822741,0.0026517165824770927,21.955942153930664,-1248.630859375,-2499.761474609375,0.2679874897003174,0.44389867782592773,0.007653492968529463,0.0033618926536291838,0.0,Shutdown,-0.0016164747066795826,1.8197529315948486,Shutdown,-0.00137325597461313,414.9931945800781,-0.22458943724632263,22.213912963867188,-0.5522631406784058,-0.5552591681480408,0.06389901787042618,14.813279151916504,0.11727918684482574,14.903223991394043,0.20722368359565735
2025-04-30 14:29:30-04:00,0.13595591485500336,0.01532802078872919,-0.14755597710609436,613.4413452148438,683.3228149414062,-1248.51171875,-2499.52294921875,Shutdown,Shutdown,0.0006264426629059017,0.0026485959533602,21.960289001464844,-1248.630859375,-2499.761474609375,0.2679874897003174,0.4439089894294739,0.007653492968529463,0.0033618926536291838,0.0,Shutdown,-0.0016164747066795826,1.832913875579834,Shutdown,-0.00137325597461313,417.2041931152344,-0.23365387320518494,22.21442985534668,-0.5476778149604797,-0.5700928568840027,0.06389901787042618,14.813277244567871,0.11727754026651382,14.903106689453125,0.2071070671081543
2025-04-30 14:30:00-04:00,0.13595591485500336,0.015264909714460373,-0.14818184077739716,613.2267456054688,683.1798095703125,-1248.51171875,-2499.52294921875,Shutdown,Shutdown,0.0006261563394218683,0.0026454755570739508,21.964637756347656,-1248.630859375,-2499.761474609375,0.2679874897003174,0.4439193308353424,0.007653492968529463,0.0033618926536291838,0.0,Shutdown,-0.0016164747066795826,1.834916591644287,Shutdown,-0.00137325597461313,416.5870056152344,-0.22490176558494568,22.21494483947754,-0.5542912483215332,-0.5386148691177368,0.06389901787042618,14.813276290893555,0.1172758936882019,14.902990341186523,0.20699045062065125
2025-04-30 14:30:30-04:00,0.13595591485500336,0.01520179957151413,-0.14880768954753876,614.2996215820312,683.3943481445312,-1248.51171875,-2499.52294921875,Shutdown,Shutdown,0.0006258700741454959,0.002642354927957058,21.968984603881836,-1248.630859375,-2499.761474609375,0.2679874897003174,0.44392967224121094,0.007653492968529463,0.0033618926536291838,0.0,Shutdown,-0.0016164747066795826,1.8111696243286133,Shutdown,-0.00137325597461313,417.40924072265625,-0.22087804973125458,22.2154598236084,-0.4897707998752594,-0.5718585848808289,0.06389901787042618,14.813274383544922,0.11727424710988998,14.902873992919922,0.2068738341331482
2025-04-30 14:31:00-04:00,0.13595591485500336,0.015138688497245312,-0.14943355321884155,614.1565551757812,682.8936767578125,-1248.51171875,-2499.52294921875,Shutdown,Shutdown,0.0006255838088691235,0.002639234531670809,21.961435317993164,-1248.630859375,-2499.761474609375,0.2679874897003174,0.4439399838447571,0.007653492968529463,0.0033618926536291838,0.0,Shutdown,-0.0016164747066795826,1.8286221027374268,Shutdown,-0.00137325597461313,417.3231201171875,-0.22258716821670532,22.21597671508789,-0.5628906488418579,-0.5045020580291748,0.06389901787042618,14.813272476196289,0.11727260053157806,14.902756690979004,0.20675721764564514
2025-04-30 14:31:30-04:00,0.13595591485500336,0.015075577422976494,-0.15005940198898315,614.4426879882812,683.3943481445312,-1248.51171875,-2499.52294921875,Shutdown,Shutdown,0.0006252974853850901,0.002636113902553916,21.965028762817383,-1248.630859375,-2499.761474609375,0.2679874897003174,0.4439503252506256,0.007653492968529463,0.0033618926536291838,0.0,Shutdown,-0.0016164747066795826,1.8114557266235352,Shutdown,-0.00137325597461313,414.63299560546875,-0.21725618839263916,22.21649169921875,-0.5211455821990967,-0.5273395776748657,0.06389901787042618,14.813270568847656,0.11727095395326614,14.902640342712402,0.2066406011581421
2025-04-30 14:32:00-04:00,0.13595591485500336,0.015012466348707676,-0.15068526566028595,613.1552124023438,682.8221435546875,-1248.51171875,-2499.52294921875,Shutdown,Shutdown,0.0006250112201087177,0.002632993506267667,21.9686222076416,-1248.630859375,-2499.761474609375,0.2679874897003174,0.44396066665649414,0.007653492968529463,0.0033618926536291838,0.0,Shutdown,-0.0016164747066795826,1.830625057220459,Shutdown,-0.00137325597461313,417.14801025390625,-0.2286553680896759,22.21700668334961,-0.5677469968795776,-0.5271283388137817,0.06389901787042618,14.81326961517334,0.11726930737495422,14.9025239944458,0.20652398467063904
2025-04-30 14:32:30-04:00,0.13595591485500336,0.014949356205761433,-0.15131111443042755,614.2996215820312,683.6089477539062,-1248.51171875,-2499.52294921875,Shutdown,Shutdown,0.0006247248966246843,0.0026298731099814177,21.97221565246582,-1248.630859375,-2499.761474609375,0.2679874897003174,0.4439709782600403,0.007653492968529463,0.0033618926536291838,0.0,Shutdown,-0.0016164747066795826,1.8163197040557861,Shutdown,-0.00137325597461313,416.7228088378906,-0.20544517040252686,22.2175235748291,-0.5204023122787476,-0.48673614859580994,0.06389901787042618,14.813267707824707,0.1172676682472229,14.9024076461792,0.206407368183136
2025-04-30 14:33:00-04:00,0.13595591485500336,0.014886245131492615,-0.15193697810173035,613.0121459960938,683.3228149414062,-1248.51171875,-2499.52294921875,Shutdown,Shutdown,0.0006244386313483119,0.002626752480864525,21.975807189941406,-1248.630859375,-2499.761474609375,0.2679874897003174,0.4439813196659088,0.007653492968529463,0.0033618926536291838,0.0,Shutdown,-0.0016164747066795826,1.8174641132354736,Shutdown,-0.00137325597461313,414.9645690917969,-0.22116290032863617,22.21803855895996,-0.5065737962722778,-0.5587542057037354,0.06389901787042618,14.813265800476074,0.11726602166891098,14.902290344238281,0.20629075169563293
2025-04-30 14:33:30-04:00,0.13595591485500336,0.014823134057223797,-0.15141542255878448,613.0121459960938,683.1798095703125,-1248.51171875,-2499.52294921875,Shutdown,Shutdown,0.0006241523660719395,0.0026236320845782757,21.979400634765625,-1248.630859375,-2499.761474609375,0.2679874897003174,0.44399166107177734,0.007653492968529463,0.0033618926536291838,0.0,Shutdown,-0.0016164747066795826,1.8146028518676758,Shutdown,-0.00137325597461313,419.8325500488281,-0.21963001787662506,22.21855354309082,-0.5204997062683105,-0.526229739189148,0.06389901787042618,14.813263893127441,0.11726437509059906,14.90217399597168,0.20617413520812988
2025-04-30 14:34:00-04:00,0.13595591485500336,0.014760023914277554,-0.1451568752527237,613.7989501953125,683.3943481445312,-1248.51171875,-2499.52294921875,Shutdown,Shutdown,0.0006238660425879061,0.002620511455461383,21.984901428222656,-1248.630859375,-2499.761474609375,0.2679874897003174,0.4440019726753235,0.007653492968529463,0.0033618926536291838,0.0,Shutdown,-0.0016164747066795826,1.823472261428833,Shutdown,-0.00137325597461313,417.6138000488281,-0.21929481625556946,22.219070434570312,-0.5569556355476379,-0.5302777290344238,0.06389901787042618,14.813262939453125,0.11726272851228714,14.902057647705078,0.20605751872062683
2025-04-30 14:34:30-04:00,0.13595591485500336,0.014696912840008736,-0.1447523981332779,614.0850219726562,682.9652099609375,-1248.51171875,-2499.52294921875,Shutdown,Shutdown,0.0006235797773115337,0.0026173910591751337,21.98862075805664,-1248.630859375,-2499.761474609375,0.2679874897003174,0.444012314081192,0.007653492968529463,0.0033618926536291838,0.0,Shutdown,-0.0016164747066795826,1.828049898147583,Shutdown,-0.00137325597461313,414.2919921875,-0.22079071402549744,22.219585418701172,-0.5298869609832764,-0.5234668254852295,0.06389901787042618,14.813261032104492,0.11726108193397522,14.90194034576416,0.20594090223312378
2025-04-30 14:35:00-04:00,0.13595591485500336,0.014633801765739918,-0.14551874995231628,613.8704833984375,683.3228149414062,-1248.51171875,-2499.52294921875,Shutdown,Shutdown,0.0006232934538275003,0.002614270430058241,21.98124885559082,-1248.630859375,-2499.761474609375,0.2679874897003174,0.44402265548706055,0.007653492968529463,0.0033618926536291838,0.0,Shutdown,-0.0016164747066795826,1.828049898147583,Shutdown,-0.00137325597461313,418.07269287109375,-0.21929894387722015,22.22010040283203,-0.5107868313789368,-0.5391431450843811,0.06389901787042618,14.81325912475586,0.1172594353556633,14.901823997497559,0.20582427084445953
2025-04-30 14:35:30-04:00,0.13595591485500336,0.0145706906914711,-0.14628508687019348,613.5843505859375,683.6804809570312,-1248.51171875,-2499.52294921875,Shutdown,Shutdown,0.0006230071885511279,0.0026111500337719917,21.988750457763672,-1248.630859375,-2499.761474609375,0.2679874897003174,0.4440329670906067,0.007653492968529463,0.0033618926536291838,0.0,Shutdown,-0.0016164747066795826,1.814030647277832,Shutdown,-0.00137325597461313,418.74932861328125,-0.2159067988395691,22.220617294311523,-0.5298287272453308,-0.5016981959342957,0.06389901787042618,14.813258171081543,0.11725778877735138,14.901707649230957,0.20570765435695648
2025-04-30 14:36:00-04:00,0.13595591485500336,0.014507580548524857,-0.14705143868923187,614.1565551757812,683.3943481445312,-1248.51171875,-2499.52294921875,Shutdown,Shutdown,0.0006227209232747555,0.0026080296374857426,21.99625015258789,-1248.630859375,-2499.761474609375,0.2679874897003174,0.4440433084964752,0.007653492968529463,0.0033618926536291838,0.0,Shutdown,-0.0016164747066795826,1.8054474592208862,Shutdown,-0.00137325597461313,417.14483642578125,-0.21689459681510925,22.221132278442383,-0.49662384390830994,-0.5313056111335754,0.06389901787042618,14.81325626373291,0.11725614219903946,14.901591300964355,0.20559103786945343
2025-04-30 14:36:30-04:00,0.13595591485500336,0.014444469474256039,-0.14739203453063965,613.7989501953125,683.4658813476562,-1248.51171875,-2499.52294921875,Shutdown,Shutdown,0.0006224345997907221,0.0026049090083688498,21.990999221801758,-1248.630859375,-2499.761474609375,0.2679874897003174,0.44405364990234375,0.007653492968529463,0.0033618926536291838,0.0,Shutdown,-0.0016164747066795826,1.8309111595153809,Shutdown,-0.00137325597461313,417.4771728515625,-0.21277162432670593,22.221649169921875,-0.4966851770877838,-0.5186384916305542,0.06389901787042618,14.813254356384277,0.11725450307130814,14.901473999023438,0.20547442138195038
2025-04-30 14:37:00-04:00,0.13595591485500336,0.01438135839998722,-0.14560389518737793,613.7989501953125,683.1798095703125,-1248.51171875,-2499.52294921875,Shutdown,Shutdown,0.0006221483345143497,0.0026017886120826006,21.99850082397461,-1248.630859375,-2499.761474609375,0.2679874897003174,0.4440639913082123,0.007653492968529463,0.0033618926536291838,0.0,Shutdown,-0.0016164747066795826,1.8286221027374268,Shutdown,-0.00137325597461313,413.39959716796875,-0.23843136429786682,22.222164154052734,-0.5526301860809326,-0.5984643697738647,0.06389901787042618,14.813252449035645,0.11725285649299622,14.901357650756836,0.20535780489444733
2025-04-30 14:37:30-04:00,0.13595591485500336,0.014318248257040977,-0.1438157558441162,613.6558837890625,683.3228149414062,-1248.51171875,-2499.52294921875,Shutdown,Shutdown,0.0006218620110303164,0.0025986679829657078,22.006000518798828,-1248.630859375,-2499.761474609375,0.2679874897003174,0.4440743029117584,0.007653492968529463,0.0033618926536291838,0.0,Shutdown,-0.0016164747066795826,1.8177502155303955,Shutdown,-0.00137325597461313,417.1666564941406,-0.22545041143894196,22.222679138183594,-0.562401533126831,-0.5187196731567383,0.06389901787042618,14.813251495361328,0.1172512099146843,14.901241302490234,0.20524118840694427
2025-04-30 14:38:00-04:00,0.13595591485500336,0.01425513718277216,-0.1420276165008545,612.5830078125,682.9652099609375,-1248.51171875,-2499.52294921875,Shutdown,Shutdown,0.0006215757457539439,0.0025955475866794586,22.004615783691406,-1248.630859375,-2499.761474609375,0.2679874897003174,0.44408464431762695,0.007653492968529463,0.0033618926536291838,0.0,Shutdown,-0.0016164747066795826,1.8286221027374268,Shutdown,-0.00137325597461313,418.162109375,-0.22099752724170685,22.223196029663086,-0.5200468301773071,-0.5199286341667175,0.06389901787042618,14.813249588012695,0.11724956333637238,14.901124000549316,0.20512457191944122
2025-04-30 14:38:30-04:00,0.13595591485500336,0.014192026108503342,-0.14098453521728516,613.6558837890625,682.8221435546875,-1248.51171875,-2499.52294921875,Shutdown,Shutdown,0.0006212894804775715,0.002592426957562566,22.00283432006836,-1248.630859375,-2499.761474609375,0.2679874897003174,0.4440949857234955,0.007653492968529463,0.0033618926536291838,0.0,Shutdown,-0.0016164747066795826,1.8320555686950684,Shutdown,-0.00137325597461313,415.21588134765625,-0.20925292372703552,22.223711013793945,-0.4883267879486084,-0.5188580751419067,0.06389901787042618,14.813247680664062,0.11724791675806046,14.901007652282715,0.20500795543193817
2025-04-30 14:39:00-04:00,0.13595591485500336,0.014128915965557098,-0.14366674423217773,614.1565551757812,683.2512817382812,-1248.51171875,-2499.52294921875,Shutdown,Shutdown,0.0006210031569935381,0.0025893065612763166,22.007558822631836,-1248.630859375,-2499.761474609375,0.2679874897003174,0.4441052973270416,0.007653492968529463,0.0033618926536291838,0.0,Shutdown,-0.0016164747066795826,1.8151752948760986,Shutdown,-0.00137325597461313,417.1628112792969,-0.21771767735481262,22.224225997924805,-0.5390680432319641,-0.5352307558059692,0.06389901787042618,14.81324577331543,0.11724627017974854,14.900891304016113,0.20489133894443512
2025-04-30 14:39:30-04:00,0.13595591485500336,0.01406580489128828,-0.1463489532470703,614.0135498046875,683.5374145507812,-1248.51171875,-2499.52294921875,Shutdown,Shutdown,0.0006207168917171657,0.002586185932159424,22.012283325195312,-1248.630859375,-2499.761474609375,0.2679874897003174,0.44411563873291016,0.007653492968529463,0.0033618926536291838,0.0,Shutdown,-0.0016164747066795826,1.8383498191833496,Shutdown,-0.00137325597461313,418.854248046875,-0.22052805125713348,22.224742889404297,-0.4957011342048645,-0.5273441076278687,0.06389901787042618,14.813244819641113,0.11724462360143661,14.900774955749512,0.20477472245693207
2025-04-30 14:40:00-04:00,0.13595591485500336,0.014002693817019463,-0.1490311622619629,614.1565551757812,682.9652099609375,-1248.630859375,-2499.761474609375,Shutdown,Shutdown,0.0006204305682331324,0.0025830655358731747,22.01700782775879,-1248.630859375,-2499.761474609375,0.2679874897003174,0.4441259801387787,0.007653492968529463,0.0033618926536291838,0.0,Shutdown,-0.0016164747066795826,1.8197529315948486,Shutdown,-0.00137325597461313,416.14111328125,-0.22169938683509827,22.225257873535156,-0.501022458076477,-0.5625066757202148,0.06389901787042618,14.81324291229248,0.1172429770231247,14.900657653808594,0.20465810596942902
2025-04-30 14:40:30-04:00,0.13595591485500336,0.013939582742750645,-0.15083284676074982,614.2996215820312,682.6790771484375,-1248.51171875,-2499.52294921875,Shutdown,Shutdown,0.0006201443029567599,0.0025799451395869255,22.010000228881836,-1248.51171875,-2499.52294921875,0.2679874897003174,0.44413629174232483,0.007653492968529463,0.0033618926536291838,0.0,Shutdown,-0.0016164747066795826,1.8197529315948486,Shutdown,-0.00137325597461313,416.8492431640625,-0.20149892568588257,22.225772857666016,-0.4893708825111389,-0.48064497113227844,0.06389901787042618,14.813241004943848,0.11724133789539337,14.900541305541992,0.20454147458076477
2025-04-30 14:41:00-04:00,0.13595591485500336,0.013876472599804401,-0.14823195338249207,613.9420166015625,683.1798095703125,-1248.51171875,-2499.52294921875,Shutdown,Shutdown,0.0006198580376803875,0.0025768245104700327,22.016122817993164,-1248.630859375,-2499.761474609375,0.2679874897003174,0.44414663314819336,0.007653492968529463,0.0033618926536291838,0.0,Shutdown,-0.0016164747066795826,1.8163197040557861,Shutdown,-0.00137325597461313,415.3822021484375,-0.21654146909713745,22.226289749145508,-0.5385358333587646,-0.5131052136421204,0.06389901787042618,14.813240051269531,0.11723969131708145,14.897217750549316,0.2012178748846054
2025-04-30 14:41:30-04:00,0.13595591485500336,0.013813361525535583,-0.14563104510307312,614.728759765625,683.1082763671875,-1248.51171875,-2499.52294921875,Shutdown,Shutdown,0.0006195717141963542,0.0025737041141837835,22.022245407104492,-1248.630859375,-2499.761474609375,0.2679874897003174,0.4441569745540619,0.007653492968529463,0.0033618926536291838,0.0,Shutdown,-0.0016164747066795826,1.8383498191833496,Shutdown,-0.00137325597461313,417.199462890625,-0.22012291848659515,22.226804733276367,-0.5287665128707886,-0.5263421535491943,0.06389901787042618,14.813238143920898,0.11723804473876953,14.892698287963867,0.19669875502586365
2025-04-30 14:42:00-04:00,0.13595591485500336,0.013750250451266766,-0.14303013682365417,614.1565551757812,682.8936767578125,-1248.51171875,-2499.52294921875,Shutdown,Shutdown,0.0006192854489199817,0.0025705834850668907,22.02836799621582,-1248.630859375,-2499.761474609375,0.2679874897003174,0.44416728615760803,0.007653492968529463,0.0033618926536291838,0.0,Shutdown,-0.0016164747066795826,1.8183224201202393,Shutdown,-0.00137325597461313,417.58209228515625,-0.21031805872917175,22.227319717407227,-0.5053603053092957,-0.4950803518295288,0.06389901787042618,14.813236236572266,0.11723639816045761,14.896599769592285,0.20060014724731445
2025-04-30 14:42:30-04:00,0.13595591485500336,0.013687140308320522,-0.1418290138244629,614.2280883789062,682.8221435546875,-1248.51171875,-2499.52294921875,Shutdown,Shutdown,0.0006189991254359484,0.0025674630887806416,22.020986557006836,-1248.630859375,-2499.761474609375,0.2679874897003174,0.44417762756347656,0.007653492968529463,0.0033618926536291838,0.0,Shutdown,-0.0016164747066795826,1.8311972618103027,Shutdown,-0.00137325597461313,416.074462890625,-0.21616458892822266,22.22783660888672,-0.560524582862854,-0.47667980194091797,0.06389901787042618,14.813234329223633,0.11723475158214569,14.900501251220703,0.20450155436992645
2025-04-30 14:43:00-04:00,0.13595591485500336,0.013624029234051704,-0.14202769100666046,614.5142211914062,683.1082763671875,-1248.51171875,-2499.52294921875,Shutdown,Shutdown,0.0006187128601595759,0.0025643424596637487,22.025211334228516,-1248.630859375,-2499.761474609375,0.2679874897003174,0.4441879689693451,0.007653492968529463,0.0033618926536291838,0.0,Shutdown,-0.0016164747066795826,1.8286221027374268,Shutdown,-0.00137325597461313,415.7004699707031,-0.22531327605247498,22.228351593017578,-0.5141237378120422,-0.5692182183265686,0.06389901787042618,14.813233375549316,0.11723310500383377,14.903655052185059,0.2076551765203476
2025-04-30 14:43:30-04:00,0.13595591485500336,0.013560918159782887,-0.14222636818885803,614.5857543945312,682.6790771484375,-1248.51171875,-2499.52294921875,Shutdown,Shutdown,0.0006184265948832035,0.0025612220633774996,22.029438018798828,-1248.630859375,-2499.761474609375,0.2679874897003174,0.44419828057289124,0.007653492968529463,0.0033618926536291838,0.0,Shutdown,-0.0016164747066795826,1.818894624710083,Shutdown,-0.00137325597461313,418.73712158203125,-0.22126945853233337,22.22886848449707,-0.5293265581130981,-0.5348149538040161,0.06389901787042618,14.813231468200684,0.11723145842552185,14.900078773498535,0.20407889783382416
2025-04-30 14:44:00-04:00,0.13595591485500336,0.013497807085514069,-0.1424250453710556,613.5843505859375,683.4658813476562,-1248.51171875,-2499.52294921875,Shutdown,Shutdown,0.0006181402713991702,0.0025581016670912504,22.033662796020508,-1248.630859375,-2499.761474609375,0.2679874897003174,0.44420862197875977,0.007653492968529463,0.0033618926536291838,0.0,Shutdown,-0.0016164747066795826,1.8137445449829102,Shutdown,-0.00137325597461313,416.03564453125,-0.22455191612243652,22.22938346862793,-0.5341830253601074,-0.5160472393035889,0.06389901787042618,14.81322956085205,0.11722981184720993,14.896502494812012,0.20050261914730072
2025-04-30 14:44:30-04:00,0.13595591485500336,0.013434696942567825,-0.14262372255325317,614.5857543945312,683.1798095703125,-1248.51171875,-2499.52294921875,Shutdown,Shutdown,0.0006178540061227977,0.0025549810379743576,22.037887573242188,-1248.51171875,-2499.52294921875,0.2679874897003174,0.4442189633846283,0.007653492968529463,0.0033618926536291838,0.0,Shutdown,-0.0016164747066795826,1.8168919086456299,Shutdown,-0.00137325597461313,417.764892578125,-0.20955628156661987,22.22989845275879,-0.4823530912399292,-0.519216001033783,0.06389901787042618,14.813228607177734,0.11722817271947861,14.894356727600098,0.19835685193538666
2025-04-30 14:45:00-04:00,0.13595591485500336,0.013371585868299007,-0.14282239973545074,614.2996215820312,683.3228149414062,-1248.51171875,-2499.52294921875,Shutdown,Shutdown,0.0006175676826387644,0.0025518606416881084,22.03080940246582,-1248.630859375,-2499.761474609375,0.2679874897003174,0.44422927498817444,0.007653492968529463,0.0033618926536291838,0.0,Shutdown,-0.0016164747066795826,1.834916591644287,Shutdown,-0.00137325597461313,416.9556579589844,-0.22462047636508942,22.23041534423828,-0.5723180174827576,-0.5031296610832214,0.06389901787042618,14.813226699829102,0.11722652614116669,14.905085563659668,0.20908568799495697
2025-04-30 14:45:30-04:00,0.13595591485500336,0.01330847479403019,-0.14302106201648712,614.0850219726562,683.2512817382812,-1248.51171875,-2499.52294921875,Shutdown,Shutdown,0.000617281417362392,0.0025487400125712156,22.036869049072266,-1248.630859375,-2499.761474609375,0.2679874897003174,0.44423961639404297,0.007653492968529463,0.0033618926536291838,0.0,Shutdown,-0.0016164747066795826,1.8251888751983643,Shutdown,-0.00137325597461313,417.224609375,-0.21804125607013702,22.23093032836914,-0.5355975031852722,-0.5087312459945679,0.06389901787042618,14.813224792480469,0.11722487956285477,14.906903266906738,0.21090362966060638
2025-04-30 14:46:00-04:00,0.13595591485500336,0.013245364651083946,-0.1432197391986847,614.4426879882812,682.8221435546875,-1248.51171875,-2499.52294921875,Shutdown,Shutdown,0.0006169951520860195,0.0025456196162849665,22.04292869567871,-1248.630859375,-2499.761474609375,0.2679874897003174,0.4442499577999115,0.007653492968529463,0.0033618926536291838,0.0,Shutdown,-0.0016164747066795826,1.8177502155303955,Shutdown,-0.00137325597461313,419.4852294921875,-0.21470285952091217,22.2314453125,-0.5106638073921204,-0.53749680519104,0.06389901787042618,14.813222885131836,0.11722323298454285,14.906009674072266,0.21000955998897552
2025-04-30 14:46:30-04:00,0.13595591485500336,0.013182253576815128,-0.14341841638088226,614.5857543945312,683.1798095703125,-1248.51171875,-2499.52294921875,Shutdown,Shutdown,0.0006167088286019862,0.0025424989871680737,22.048988342285156,-1248.630859375,-2499.761474609375,0.2679874897003174,0.44426026940345764,0.007653492968529463,0.0033618926536291838,0.0,Shutdown,-0.0016164747066795826,1.8346304893493652,Shutdown,-0.00137325597461313,420.2630615234375,-0.20239226520061493,22.231962203979492,-0.45865684747695923,-0.5059894919395447,0.06389901787042618,14.81322193145752,0.11722158640623093,14.905115127563477,0.20911549031734467
2025-04-30 14:47:00-04:00,0.13595591485500336,0.01311914250254631,-0.14361709356307983,613.3698120117188,683.0367431640625,-1248.51171875,-2499.52294921875,Shutdown,Shutdown,0.0006164225633256137,0.0025393785908818245,22.049999237060547,-1248.630859375,-2499.761474609375,0.2679874897003174,0.44427061080932617,0.007653492968529463,0.0033618926536291838,0.0,Shutdown,-0.0016164747066795826,1.8134584426879883,Shutdown,-0.00137325597461313,416.73846435546875,-0.21944116055965424,22.23247718811035,-0.49746179580688477,-0.5335994362831116,0.06389901787042618,14.813220024108887,0.117219939827919,14.904221534729004,0.2082214206457138
2025-04-30 14:47:30-04:00,0.13595591485500336,0.013056032359600067,-0.1438157707452774,613.2267456054688,683.1798095703125,-1248.51171875,-2499.52294921875,Shutdown,Shutdown,0.0006161362980492413,0.0025362581945955753,22.049999237060547,-1248.630859375,-2499.761474609375,0.2679874897003174,0.4442809522151947,0.007653492968529463,0.0033618926536291838,0.0,Shutdown,-0.0016164747066795826,1.8331999778747559,Shutdown,-0.00137325597461313,418.3020935058594,-0.2240021973848343,22.23299217224121,-0.5292253494262695,-0.5439540147781372,0.06389901787042618,14.813218116760254,0.11721829324960709,14.904012680053711,0.20801280438899994
2025-04-30 14:48:00-04:00,0.13595591485500336,0.01299292128533125,-0.14401444792747498,614.2996215820312,682.8221435546875,-1248.51171875,-2499.52294921875,Shutdown,Shutdown,0.000615849974565208,0.0025331375654786825,22.049999237060547,-1248.51171875,-2499.52294921875,0.2679874897003174,0.44429126381874084,0.007653492968529463,0.0033618926536291838,0.0,Shutdown,-0.0016164747066795826,1.8220417499542236,Shutdown,-0.00137325597461313,418.6107177734375,-0.1927100569009781,22.233509063720703,-0.4827418923377991,-0.4565463066101074,0.06389901787042618,14.813216209411621,0.11721664667129517,14.904012680053711,0.20801280438899994
2025-04-30 14:48:30-04:00,0.13595591485500336,0.012929810211062431,-0.14411377906799316,614.0850219726562,683.5374145507812,-1248.51171875,-2499.52294921875,Shutdown,Shutdown,0.0006155637092888355,0.0025300171691924334,22.049999237060547,-1248.51171875,-2499.52294921875,0.2679874897003174,0.4443016052246094,0.007653492968529463,0.0033618926536291838,0.0,Shutdown,-0.0016164747066795826,1.8337721824645996,Shutdown,-0.00137325597461313,417.12945556640625,-0.2313658744096756,22.234024047851562,-0.5726233124732971,-0.5194225311279297,0.06389901787042618,14.813215255737305,0.11721500754356384,14.904012680053711,0.20801280438899994
2025-04-30 14:49:00-04:00,0.13595591485500336,0.012866699136793613,-0.14411377906799316,613.2982788085938,684.395751953125,-1248.51171875,-2499.52294921875,Shutdown,Shutdown,0.0006152773858048022,0.0025268965400755405,22.052024841308594,-1248.630859375,-2499.761474609375,0.2679874897003174,0.4443119466304779,0.007653492968529463,0.0033618926536291838,0.0,Shutdown,-0.0016164747066795826,1.8206112384796143,Shutdown,-0.00137325597461313,417.850341796875,-0.21684880554676056,22.234539031982422,-0.4998951256275177,-0.5014842748641968,0.06389901787042618,14.813213348388672,0.11721336096525192,14.904012680053711,0.20801280438899994
2025-04-30 14:49:30-04:00,0.13595591485500336,0.01280358899384737,-0.14411377906799316,614.4426879882812,683.6804809570312,-1248.51171875,-2499.52294921875,Shutdown,Shutdown,0.0006149911205284297,0.0025237761437892914,22.054363250732422,-1248.630859375,-2499.761474609375,0.2679874897003174,0.44432228803634644,0.007653492968529463,0.0033618926536291838,0.0,Shutdown,-0.0016164747066795826,1.8206112384796143,Shutdown,-0.00137325597461313,414.4407653808594,-0.2278645932674408,22.235055923461914,-0.555253803730011,-0.5517522692680359,0.06389901787042618,14.813211441040039,0.11721171438694,14.904012680053711,0.20801280438899994
2025-04-30 14:50:00-04:00,0.13595591485500336,0.012740477919578552,-0.14411377906799316,614.3711547851562,683.7520141601562,-1248.51171875,-2499.52294921875,Shutdown,Shutdown,0.0006147048552520573,0.0025206555146723986,22.056699752807617,-1248.630859375,-2499.761474609375,0.2679874897003174,0.4443325996398926,0.007653492968529463,0.0033618926536291838,0.0,Shutdown,-0.0016164747066795826,1.844071865081787,Shutdown,-0.00137325597461313,413.6522216796875,-0.23786561191082,22.235570907592773,-0.5970050096511841,-0.5537158846855164,0.06389901787042618,14.813210487365723,0.11721006780862808,14.904012680053711,0.20801280438899994
2025-04-30 14:50:30-04:00,0.13595591485500336,0.012677366845309734,-0.14411377906799316,614.5142211914062,683.2512817382812,-1248.51171875,-2499.52294921875,Shutdown,Shutdown,0.000614418531768024,0.0025175351183861494,22.059038162231445,-1248.630859375,-2499.761474609375,0.2679874897003174,0.4443429410457611,0.007653492968529463,0.0033618926536291838,0.0,Shutdown,-0.0016164747066795826,1.837491512298584,Shutdown,-0.00137325597461313,413.4559326171875,-0.23977185785770416,22.236087799072266,-0.5925612449645996,-0.5660621523857117,0.06389901787042618,14.81320858001709,0.11720842123031616,14.904012680053711,0.20801280438899994
2025-04-30 14:51:00-04:00,0.13595591485500336,0.012614256702363491,-0.14411377906799316,614.1565551757812,683.2512817382812,-1248.51171875,-2499.52294921875,Shutdown,Shutdown,0.0006141322664916515,0.0025144147220999002,22.061376571655273,-1248.630859375,-2499.761474609375,0.2679874897003174,0.44435328245162964,0.007653492968529463,0.0033618926536291838,0.0,Shutdown,-0.0016164747066795826,1.8271915912628174,Shutdown,-0.00137325597461313,413.2251281738281,-0.23031583428382874,22.236602783203125,-0.5624626874923706,-0.551841139793396,0.06389901787042618,14.813206672668457,0.11720677465200424,14.904012680053711,0.20801280438899994
2025-04-30 14:51:30-04:00,0.13595591485500336,0.012551145628094673,-0.14411377906799316,614.4426879882812,683.8235473632812,-1248.51171875,-2499.52294921875,Shutdown,Shutdown,0.0006138459430076182,0.0025112940929830074,22.06371307373047,-1248.630859375,-2499.761474609375,0.2679874897003174,0.4443635940551758,0.007653492968529463,0.0033618926536291838,0.0,Shutdown,-0.0016164747066795826,1.8383498191833496,Shutdown,-0.00137325597461313,413.027587890625,-0.24600738286972046,22.237117767333984,-0.5852292776107788,-0.5950689911842346,0.06389901787042618,14.813204765319824,0.11720512807369232,14.904012680053711,0.20801280438899994
2025-04-30 14:52:00-04:00,0.13595591485500336,0.012488034553825855,-0.14411377906799316,614.4426879882812,683.8950805664062,-1248.51171875,-2499.52294921875,Shutdown,Shutdown,0.0006135596777312458,0.0025081736966967583,22.066051483154297,-1248.630859375,-2499.761474609375,0.2679874897003174,0.4443739354610443,0.007653492968529463,0.0033618926536291838,0.0,Shutdown,-0.0016164747066795826,1.8309111595153809,Shutdown,-0.00137325597461313,416.01214599609375,-0.24527351558208466,22.237634658813477,-0.600848913192749,-0.569618284702301,0.06389901787042618,14.813203811645508,0.1172034814953804,14.904012680053711,0.20801280438899994
2025-04-30 14:52:30-04:00,0.13595591485500336,0.012424923479557037,-0.14411377906799316,614.5142211914062,683.3228149414062,-1248.51171875,-2499.52294921875,Shutdown,Shutdown,0.0006132734124548733,0.0025050530675798655,22.068389892578125,-1248.630859375,-2499.761474609375,0.2679874897003174,0.44438427686691284,0.007653492968529463,0.0033618926536291838,0.0,Shutdown,-0.0016164747066795826,1.8240444660186768,Shutdown,-0.00137325597461313,413.66796875,-0.23170873522758484,22.238149642944336,-0.5662398934364319,-0.5705328583717346,0.06389901787042618,14.813201904296875,0.11720184236764908,14.893513679504395,0.1975138783454895
2025-04-30 14:53:00-04:00,0.13595591485500336,0.012361813336610794,-0.14411377906799316,614.5142211914062,683.2512817382812,-1248.51171875,-2499.52294921875,Shutdown,Shutdown,0.00061298708897084,0.0025019326712936163,22.07072639465332,-1248.630859375,-2499.761474609375,0.2679874897003174,0.444394588470459,0.007653492968529463,0.0033618926536291838,0.0,Shutdown,-0.0016164747066795826,1.8323416709899902,Shutdown,-0.00137325597461313,413.78955078125,-0.23992212116718292,22.238664627075195,-0.5595611929893494,-0.6277509331703186,0.06389901787042618,14.813199996948242,0.11720019578933716,14.89581298828125,0.1998129040002823
2025-04-30 14:53:30-04:00,0.13595591485500336,0.012298702262341976,-0.14411377906799316,614.1565551757812,682.8936767578125,-1248.51171875,-2499.52294921875,Shutdown,Shutdown,0.0006127008236944675,0.0024988120421767235,22.07306480407715,-1248.630859375,-2499.761474609375,0.2679874897003174,0.4444049298763275,0.007653492968529463,0.0033618926536291838,0.0,Shutdown,-0.0016164747066795826,1.8406386375427246,Shutdown,-0.00137325597461313,413.84906005859375,-0.24334251880645752,22.239181518554688,-0.5746484398841858,-0.6044936180114746,0.06389901787042618,14.81319808959961,0.11719854921102524,14.898111343383789,0.20211194455623627
2025-04-30 14:54:00-04:00,0.13595591485500336,0.012235591188073158,-0.14411377906799316,614.871826171875,682.8221435546875,-1248.51171875,-2499.52294921875,Shutdown,Shutdown,0.0006124145002104342,0.0024956916458904743,22.075403213500977,-1248.630859375,-2499.761474609375,0.2679874897003174,0.44441527128219604,0.007653492968529463,0.0033618926536291838,0.0,Shutdown,-0.0016164747066795826,1.8254749774932861,Shutdown,-0.00137325597461313,413.38037109375,-0.23610937595367432,22.239696502685547,-0.575727641582489,-0.5631325840950012,0.06389901787042618,14.813197135925293,0.11719690263271332,14.900410652160645,0.20441098511219025
2025-04-30 14:54:30-04:00,0.13595591485500336,0.012172481045126915,-0.14411377906799316,613.7989501953125,683.8235473632812,-1248.51171875,-2499.52294921875,Shutdown,Shutdown,0.0006121282349340618,0.002492571249604225,22.077739715576172,-1248.630859375,-2499.761474609375,0.2679874897003174,0.4444255828857422,0.007653492968529463,0.0033618926536291838,0.0,Shutdown,-0.0016164747066795826,1.8249027729034424,Shutdown,-0.00137325597461313,414.88128662109375,-0.2423725575208664,22.240211486816406,-0.5825695991516113,-0.568767249584198,0.06389901787042618,14.81319522857666,0.1171952560544014,14.9027099609375,0.20671001076698303
2025-04-30 14:55:00-04:00,0.13597369194030762,0.012109369970858097,-0.15305447578430176,613.9420166015625,683.7520141601562,-1248.51171875,-2499.52294921875,Shutdown,Shutdown,0.0006118419696576893,0.0024894506204873323,22.0800724029541,-1248.630859375,-2499.761474609375,0.2679874897003174,0.4444359242916107,0.007653492968529463,0.0033618926536291838,0.0,Shutdown,-0.0016164747066795826,1.8263332843780518,Shutdown,-0.00137325597461313,414.83514404296875,-0.2415759563446045,22.2407283782959,-0.5644150376319885,-0.5731924772262573,0.06389901787042618,14.813193321228027,0.11719360947608948,14.904529571533203,0.20852938294410706
2025-04-30 14:55:30-04:00,0.13600505888462067,0.012060984969139099,-0.1552896499633789,614.3711547851562,683.2512817382812,-1248.51171875,-2499.52294921875,Shutdown,Shutdown,0.000611555646173656,0.002486330224201083,22.08222198486328,-1248.630859375,-2499.761474609375,0.2679874897003174,0.44444626569747925,0.007653492968529463,0.0033618926536291838,0.0,Shutdown,-0.0016164747066795826,1.8263332843780518,Shutdown,-0.00137325597461313,411.1199035644531,-0.24190214276313782,22.241243362426758,-0.5944693684577942,-0.5698019862174988,0.06389901787042618,14.813192367553711,0.11719196289777756,14.905721664428711,0.20972147583961487
2025-04-30 14:56:00-04:00,0.1360364407300949,0.012060984969139099,-0.1552896499633789,613.8704833984375,683.4658813476562,-1248.51171875,-2499.52294921875,Shutdown,Shutdown,0.0006112693808972836,0.0024832095950841904,22.084373474121094,-1248.630859375,-2499.761474609375,0.2679874897003174,0.4444565773010254,0.007653492968529463,0.0033618926536291838,0.0,Shutdown,-0.0016164747066795826,1.8237583637237549,Shutdown,-0.00137325597461313,414.2856140136719,-0.23986992239952087,22.241758346557617,-0.6086976528167725,-0.5490630269050598,0.06389901787042618,14.813190460205078,0.11719031631946564,14.906913757324219,0.21091356873512268
2025-04-30 14:56:30-04:00,0.13606780767440796,0.012060984969139099,-0.14415352046489716,613.2267456054688,683.8950805664062,-1248.630859375,-2499.761474609375,Shutdown,Shutdown,0.0006109830574132502,0.002480089198797941,22.086523056030273,-1248.630859375,-2499.761474609375,0.2679874897003174,0.4444669187068939,0.007653492968529463,0.0033618926536291838,0.0,Shutdown,-0.0016164747066795826,1.839494228363037,Shutdown,-0.00137325597461313,411.2137451171875,-0.22817730903625488,22.24227523803711,-0.5459044575691223,-0.5392390489578247,0.06389901787042618,14.813188552856445,0.11718867719173431,14.906426429748535,0.21042679250240326
2025-04-30 14:57:00-04:00,0.136099174618721,0.012060984969139099,-0.14439193904399872,614.2280883789062,683.5374145507812,-1248.51171875,-2499.52294921875,Shutdown,Shutdown,0.0006106967921368778,0.0024769685696810484,22.088674545288086,-1248.630859375,-2499.761474609375,0.2679874897003174,0.44447726011276245,0.007653492968529463,0.0033618926536291838,0.0,Shutdown,-0.0016164747066795826,1.837491512298584,Shutdown,-0.00137325597461313,408.2787170410156,-0.2600169777870178,22.24279022216797,-0.6351721286773682,-0.6466977000236511,0.06389901787042618,14.813186645507812,0.1171870306134224,14.904012680053711,0.20801280438899994
2025-04-30 14:57:30-04:00,0.13613054156303406,0.012060984969139099,-0.14463035762310028,614.0850219726562,683.6089477539062,-1248.630859375,-2499.761474609375,Shutdown,Shutdown,0.0006104105268605053,0.0024738481733947992,22.090824127197266,-1248.51171875,-2499.52294921875,0.2679874897003174,0.4444875717163086,0.007653492968529463,0.0033618926536291838,0.0,Shutdown,-0.0016164747066795826,1.8337721824645996,Shutdown,-0.00137325597461313,413.0836486816406,-0.24808788299560547,22.24330711364746,-0.5756077766418457,-0.6252750158309937,0.06389901787042618,14.813185691833496,0.11718538403511047,14.904012680053711,0.20801280438899994
2025-04-30 14:58:00-04:00,0.1361619234085083,0.012060984969139099,-0.14486877620220184,614.1565551757812,683.4658813476562,-1248.51171875,-2499.52294921875,Shutdown,Shutdown,0.000610124203376472,0.00247072777710855,22.092975616455078,-1248.630859375,-2499.761474609375,0.2679874897003174,0.4444979131221771,0.007653492968529463,0.0033618926536291838,0.0,Shutdown,-0.0016164747066795826,1.8334860801696777,Shutdown,-0.00137325597461313,408.82769775390625,-0.2551329433917999,22.24382209777832,-0.6386739611625671,-0.6030027270317078,0.06389901787042618,14.813183784484863,0.11718373745679855,14.904012680053711,0.20801280438899994
2025-04-30 14:58:30-04:00,0.13619329035282135,0.012060984969139099,-0.1451071947813034,613.7989501953125,683.2512817382812,-1248.51171875,-2499.52294921875,Shutdown,Shutdown,0.0006098379381000996,0.0024676071479916573,22.095125198364258,-1248.51171875,-2499.52294921875,0.2679874897003174,0.44450825452804565,0.007653492968529463,0.0033618926536291838,0.0,Shutdown,-0.0016164747066795826,1.8091669082641602,Shutdown,-0.00137325597461313,409.98321533203125,-0.255812406539917,22.24433708190918,-0.6164401769638062,-0.6307894587516785,0.06389901787042618,14.81318187713623,0.11718209087848663,14.904012680053711,0.20801280438899994
2025-04-30 14:59:00-04:00,0.1362246572971344,0.012060984969139099,-0.14534561336040497,614.6572265625,683.9666137695312,-1248.51171875,-2499.52294921875,Shutdown,Shutdown,0.0006095516146160662,0.002464486751705408,22.09727668762207,-1248.630859375,-2499.761474609375,0.2679874897003174,0.4445185661315918,0.007653492968529463,0.0033618926536291838,0.0,Shutdown,-0.0016164747066795826,1.8197529315948486,Shutdown,-0.00137325597461313,410.377197265625,-0.2473868727684021,22.244853973388672,-0.6306376457214355,-0.587884247303009,0.06389901787042618,14.813179969787598,0.11718044430017471,14.904012680053711,0.20801280438899994
2025-04-30 14:59:30-04:00,0.13625602424144745,0.012060984969139099,-0.14558403193950653,613.3698120117188,683.3943481445312,-1248.51171875,-2499.52294921875,Shutdown,Shutdown,0.0006092653493396938,0.0024613661225885153,22.09942626953125,-1248.630859375,-2499.761474609375,0.2679874897003174,0.4445289075374603,0.007653492968529463,0.0033618926536291838,0.0,Shutdown,-0.0016164747066795826,1.844357967376709,Shutdown,-0.00137325597461313,409.8231201171875,-0.24661843478679657,22.24536895751953,-0.5466942191123962,-0.6593866348266602,0.06389901787042618,14.813179016113281,0.11717879772186279,14.904012680053711,0.20801280438899994
2025-04-30 15:00:00-04:00,0.1362874060869217,0.012060984969139099,-0.1458224505186081,614.0850219726562,683.5374145507812,-1248.51171875,-2499.52294921875,Shutdown,Shutdown,0.0006089790840633214,0.002458245726302266,22.10335922241211,-1248.630859375,-2499.761474609375,0.2679874897003174,0.44453924894332886,0.007653492968529463,0.0033618926536291838,0.0,Shutdown,-0.0016164747066795826,1.8114557266235352,Shutdown,-0.00137325597461313,410.9911804199219,-0.2525447905063629,22.24588394165039,-0.6229814887046814,-0.5932855010032654,0.06389901787042618,14.813177108764648,0.11717715114355087,14.904012680053711,0.20801280438899994
